{
  "processes": [
    "bin/router",
    "bin/proxy",
    "bin/dbwriter",
    "bin/keysigner",
    "bin/verifier",
    "bin/browserid",
    "bin/static"
  ],
  "env": {
    "CONFIG_FILES": "$HOME/code/config/production.json,$HOME/code/config/aws.json,$HOME/config.json"
  },
  "hooks": {
    "postdeploy": "scripts/awsbox_remote/post_deploy.sh",
    "poststart": "scripts/awsbox_remote/post_start.sh",
    "postcreate": "scripts/awsbox_remote/post_create.sh"
  },
  "local_hooks": {
    "postcreate": "node scripts/awsbox_local/post_create.js"
  },
  "packages": [
    "mysql-server",
    "subversion",
    "gmp-devel",
    "emacs-nox"
  ]
}
