{
  "verifier": { "bind_to": { "port": 10000 } },
  "keysigner": { "bind_to": { "port": 10003 } },
  "dbwriter": { "bind_to": { "port": 10004 } },
  "proxy": { "bind_to": { "port": 10006 } },
  "browserid": { "bind_to": { "port": 10007 } },
  "static": { "bind_to": { "port": 10010 } },
  "router": { "bind_to": { "port": 10002 } },
  "use_minified_resources": false,
  "database": {
    "driver": "json"
  },
  "express_log_format": "dev_bid",
  "email_to_console": true,
  "env": "local",
  "kpi": {
    "backend_sample_rate": 1.0
  },

  // increase to tolerate slower server responses; useful for testing
  "maximum_event_loop_lag": 100,

  // whether to show the development menu.
  "enable_development_menu": true,

  // enable the measurement of the dom loading
  "measure_dom_loading": true,
  "forcible_issuers": ["issuer.domain"]
}
